{"cameraMode":{"drawMode":0,"name":"Shaded","section":"Shading Mode"},"sceneLighting":true,"audioPlay":false,"sceneViewState":{"showFog":true,"showMaterialUpdate":false,"showSkybox":true,"showFlares":true,"showImageEffects":true,"showParticleSystems":true},"in2DMode":false,"pivot":{"x":-87.42669677734375,"y":0.531524658203125,"z":-122.91973876953125},"rotation":{"x":-0.26048630475997927,"y":0.2697733938694,"z":-0.07606077194213867,"w":-0.923896312713623},"size":359.8463439941406,"orthographic":false}