{"cameraMode":{"drawMode":0,"name":"Shaded","section":"Shading Mode"},"sceneLighting":false,"audioPlay":false,"sceneViewState":{"showFog":true,"showMaterialUpdate":false,"showSkybox":false,"showFlares":true,"showImageEffects":true,"showParticleSystems":true},"in2DMode":false,"pivot":{"x":21.0,"y":7.760000228881836,"z":6.996567249298096},"rotation":{"x":-0.18551471829414369,"y":0.11087160557508469,"z":-0.02107107825577259,"w":-0.9761390089988709},"size":25.980762481689454,"orthographic":false}